Country Name,Country Code,Series Name,Series Code,1970 [YR1970],1971 [YR1971],1972 [YR1972],1973 [YR1973],1974 [YR1974],1975 [YR1975],1976 [YR1976],1977 [YR1977],1978 [YR1978],1979 [YR1979],1980 [YR1980],1981 [YR1981],1982 [YR1982],1983 [YR1983],1984 [YR1984],1985 [YR1985],1986 [YR1986],1987 [YR1987],1988 [YR1988],1989 [YR1989],1990 [YR1990],1991 [YR1991],1992 [YR1992],1993 [YR1993],1994 [YR1994],1995 [YR1995],1996 [YR1996],1997 [YR1997],1998 [YR1998],1999 [YR1999],2000 [YR2000],2001 [YR2001],2002 [YR2002],2003 [YR2003],2004 [YR2004],2005 [YR2005],2006 [YR2006],2007 [YR2007],2008 [YR2008],2009 [YR2009],2010 [YR2010],2011 [YR2011],2012 [YR2012],2013 [YR2013],2014 [YR2014],2015 [YR2015],2016 [YR2016],2017 [YR2017],2018 [YR2018],2019 [YR2019],2020 [YR2020],2021 [YR2021],2022 [YR2022],2023 [YR2023],2024 [YR2024]
United States,USA,"Inflation, consumer prices (annual %)",FP.CPI.TOTL.ZG,5.83825533848251,4.29276668813051,3.27227824655283,6.17776006377038,11.0548048048048,9.14314686496535,5.74481263549085,6.5016839947284,7.63096383885606,11.2544711292795,13.5492019749684,10.3347153402771,6.13142700027493,3.21243523316065,4.30053547523429,3.54564415209365,1.89804772234276,3.6645632175169,4.07774110744413,4.82700303008944,5.39795643990325,4.23496396453849,3.02881967814969,2.95165696638559,2.60744159215453,2.80541968853662,2.93120419993441,2.33768993730735,1.55227909874364,2.18802719697358,3.37685727149929,2.82617111885407,1.58603162650601,2.27009497336115,2.67723669309172,3.3927468454955,3.22594410070404,2.85267248150138,3.839100296651,-0.355546266299747,1.6400434423899,3.156841568622,2.06933726526067,1.46483265562717,1.62222297740817,0.118627135552451,1.26158320570536,2.13011000365961,2.44258329692817,1.81221007526021,1.23358439630629,4.69785886363742,8.00279982052121,4.11633838374488,2.94952520485207
United States,USA,"Unemployment, total (% of total labor force) (national estimate)",SL.UEM.TOTL.NE.ZS,4.9,5.9,5.6,4.9,5.6,8.5,7.7,7.1,6.1,5.8,7.1,7.6,9.7,9.6,7.5,7.2,7,6.2,5.5,5.3,5.6,6.8,7.5,6.9,6.119,5.65,5.451,5,4.511,4.219,3.992,4.731,5.783,5.989,5.529,5.084,4.623,4.622,5.784,9.254,9.633,8.949,8.069,7.375,6.168,5.28,4.869,4.355,3.896,3.669,8.055,5.349,3.65,3.638,..
United States,USA,GDP growth (annual %),NY.GDP.MKTP.KD.ZG,0.184619362250075,3.29272245024868,5.25550196715072,5.64567975906083,-0.540550189302294,-0.205619193188355,5.38803390599543,4.62418650861058,5.53520647919645,3.16598822778928,-0.256775736225364,2.53770126586743,-1.80301378017963,4.58379097983199,7.23645316716272,4.16957534780626,3.46265504853929,3.45462966726373,4.17698239554727,3.67223783532349,1.88596558335223,-0.108312881913292,3.52249717698845,2.7517958662618,4.02902272603258,2.68443073360764,3.77277269138068,4.44712793805328,4.48313335029331,4.78842504949371,4.07758576006954,0.95553834188668,1.7004473278454,2.79560596521233,3.84777169424153,3.48354993544559,2.78453963817891,2.00385829909158,0.113587248160997,-2.57650023225001,2.69519258234851,1.56440685537306,2.289113386319,2.11783009786468,2.52381981372621,2.94555045599772,1.81945147620522,2.45762230175086,2.96650506916596,2.58382533018889,-2.16302913866512,6.05505293304556,2.5123753198332,2.88755600905984,2.79619035621393
United States,USA,GDP per capita (constant 2015 US$),NY.GDP.PCAP.KD,25231.1271568518,25734.4828326397,26798.5336088951,28042.5519161983,27637.2997739418,27309.8688161152,28509.143056991,29528.9663680223,30834.99923167,31462.1003883959,31081.62163338,31559.1293373937,30696.0834358718,31810.9216083487,33818.8235524677,34918.1302027193,35794.8877745985,36701.9453883904,37889.3773472194,38911.5418949927,39200.0658103964,38637.8398159491,39447.9472847522,40002.4762262205,41106.9881841375,41710.8207239918,42783.8165710653,44151.6860411494,45596.4306860229,47234.2455275781,48616.2546267835,48597.4246130164,48967.3661209521,49905.5233079503,51348.3473392466,52649.5713058632,53596.3152369749,54152.8292653448,53703.9628962873,51863.6183424227,52812.682985453,53215.5362316915,54000.8410760833,54728.8601798884,55665.2411167663,56849.4697923159,57430.8499282527,58435.9707521832,59817.6556796969,61047.9648235152,59484.0335530935,62986.6563127547,64198.4324880296,65505.2557007675,66682.6147044553
United States,USA,Population growth (annual %),SP.POP.GROW,1.16500266687286,1.26433369185094,1.07052275237269,0.954476728552297,0.913660196067714,0.985986067347125,0.950220048994522,1.00577199618134,1.0595730803427,1.10357656509899,0.959589922764484,0.981415437259678,0.953317566163514,0.914378513375149,0.865817336309961,0.886129040850881,0.924164157058979,0.893829201032046,0.907999040167679,0.944405555428529,1.12965052045579,1.33626074073779,1.38688569247935,1.31867999977741,1.2262960888682,1.19078709090209,1.16341161998189,1.20396029701272,1.16571452642589,1.14834004729055,1.11276899679534,0.989741382223669,0.927797485710314,0.859481712840946,0.925483968943482,0.921713167161207,0.964253917136075,0.951055242772428,0.945865287282592,0.876651298802912,0.846129865832117,0.79239433316435,0.79838290137163,0.756560083436754,0.796023797809134,0.797904713382564,0.785625485688815,0.692906252591617,0.586433075122573,0.515108555014533,0.408427566758519,0.157317408951545,0.575744520494521,0.83149318773707,0.976421684505429
United Kingdom,GBR,"Inflation, consumer prices (annual %)",FP.CPI.TOTL.ZG,6.36656841727441,9.44483742337133,7.07109839479797,9.19603316657812,16.0440111889861,24.2072876743291,16.5595225588084,15.8402667458768,8.26314103860768,13.4212799774012,17.9659242656857,11.8766265142296,8.59886383332186,4.60930327269779,4.96071097821927,6.07139434015119,3.42760940369314,4.14892232052945,4.15535171583102,5.76024909185262,8.06346090938833,7.46178295746934,4.59154929577461,2.55857796929705,2.21901260504205,2.69749518304432,2.85178236397749,2.20114313510882,1.82056163731557,1.7529508005142,1.18295624210408,1.53234960272418,1.52040245947455,1.37650038542013,1.39039756680422,2.0891364902507,2.4556616643929,2.38656150773327,3.52140856342539,1.96173173560109,2.49265472467065,3.8561124468282,2.5732347965453,2.29166666666659,1.45112016293279,0.36804684232536,1.0084173681141,2.55775577557747,2.29283990345938,1.73810460086513,0.989486703772491,2.51837109614213,7.92204883147902,6.79396706793963,3.2715729463592
United Kingdom,GBR,"Unemployment, total (% of total labor force) (national estimate)",SL.UEM.TOTL.NE.ZS,..,3.3,3.7,2.6,2.6,4,5.5,5.8,5.7,5.3,6.8,10.4,10.9,11.088,10.901,11.48,11.508,11.017,9.004,7.405,6.969,8.55,9.772,10.346,9.648,8.694,8.189,7.072,6.198,6.042,5.558,4.696,5.037,4.807,4.594,4.884,5.473,5.399,5.748,7.683,7.973,8.195,8.279,7.752,6.398,5.552,4.909,4.501,4.145,3.657,4.518,4.865,3.768,4.025,..
United Kingdom,GBR,GDP growth (annual %),NY.GDP.MKTP.KD.ZG,2.70858153682573,3.50471738545724,4.32166764202839,6.52384843630249,-2.4844040531604,-1.47364945070458,2.91026612567198,2.45775045448153,4.20426054150653,3.74901665139554,-2.03136779227732,-0.787743871332012,1.99489122707782,4.22185632959007,2.26910518849139,4.14741500851991,3.15034060940542,5.39273832197856,5.73241357407845,2.57760282965882,0.733755470094508,-1.10312166586773,0.401082085841935,2.48983092921434,3.84600918007958,2.53167000543779,2.58199387517438,4.92464829983174,3.40265822823224,3.05832327041962,4.34163419265596,2.57278043964686,1.79566074059649,3.15234651882265,2.45790443810543,2.73266076681189,2.38069403532468,2.62487995340285,-0.248797260756646,-4.62055370768425,2.23331508815346,1.13836239840663,1.50899834668228,1.79992149702836,3.19463731938923,2.22288842280334,1.92171009934007,2.65650487566202,1.40519025981538,1.62447518038404,-10.296918859171,8.57595087393024,4.83908517877134,0.39708234553963,1.10066786639271
United Kingdom,GBR,GDP per capita (constant 2015 US$),NY.GDP.PCAP.KD,19285.6497705878,19878.3583978122,20667.2422127603,21973.0492038987,21413.6423467213,21099.6465690657,21719.0454960571,22260.1620046358,23194.7939594163,24042.7876941013,23526.2555043517,23332.8025676938,23806.7980916528,24803.4271519669,25326.1296660232,26316.7154348235,27082.9819543398,28482.8666757154,30048.820666255,30743.2275250086,30876.3706404357,30441.4813420211,30481.0348883355,31165.1544491287,32281.4801601039,33011.2945663233,33777.5280810971,35349.7906380412,36446.2616767045,37435.884438888,38921.896573883,39769.8719792093,40312.9824110757,41390.6062127939,42167.3557264259,43023.2277090836,43724.8957366594,44524.5706965197,44065.6156693521,41712.8319164411,42311.4329830247,42459.9630182272,42794.7752628767,43274.3377519631,44324.3923234579,44983.885522934,45485.6509977812,46439.8616757792,46862.9673585729,47379.8014800553,42429.1857996453,45902.8331986448,47682.7615349036,47251.4387159432,47265.0009525678
United Kingdom,GBR,Population growth (annual %),SP.POP.GROW,0.39872245794476,0.417666617474017,0.3390575157182,0.19319818644469,0.0630592101531556,-0.00742336272019876,-0.024603832530328,-0.0328738482390269,0.00535990765712166,0.0897286611918231,0.119517254129019,0.0348217320561183,-0.0358427938348334,0.0341013738761532,0.158261863204096,0.226951225450001,0.231610229834337,0.212637260699709,0.222063893961785,0.260311450078262,0.298930554095876,0.309247932319381,0.270431182081877,0.239745439286479,0.254586486858912,0.264547416858702,0.254626384215086,0.257553323280351,0.291406085432392,0.333405882184416,0.357300887421605,0.384975969564228,0.423337079636281,0.465641113602993,0.568943113421317,0.68661130607346,0.73504867842129,0.778666112441256,0.787032622318939,0.756390859593407,0.783888646646516,0.781506562236639,0.712282568284022,0.669537112028056,0.747135714780007,0.721624002974263,0.79421971482011,0.545706020084833,0.488451313281444,0.514596380840432,0.169447088341033,0.358937930235741,0.921336799385098,1.30497972307431,1.0659564474212
Japan,JPN,"Inflation, consumer prices (annual %)",FP.CPI.TOTL.ZG,6.92417383485781,6.39534883720926,4.84351713859905,11.6086235489221,23.2222458076842,11.7312661498708,9.37403638606234,8.16182689596842,4.20956601068681,3.70185092546269,7.77858176555718,4.91216291820523,2.7410409556314,1.89971971348485,2.26161369193155,2.0322773460849,0.595586799453249,0.126176841696583,0.678557580457558,2.27228962064317,3.0785162869516,3.25143848753308,1.7602830605927,1.24304589707924,0.695458057869004,-0.127899045020446,0.136600358575909,1.74780458692133,0.661974191385911,-0.341296928327554,-0.676578683595175,-0.740055504162738,-0.923494026942321,-0.256541816316025,-0.00857338820310272,-0.282946068764391,0.249355116079085,0.060039454498669,1.3800788616492,-1.35283672951719,-0.728243207517779,-0.27245561610124,-0.0440645104432602,0.335037912184741,2.75922671353253,0.795279630579839,-0.127258844489754,0.484199796126385,0.989094598021848,0.46877615938395,-0.024995834027731,-0.233352779398264,2.49770278172255,3.26813365933163,2.73853681635241
Japan,JPN,"Unemployment, total (% of total labor force) (national estimate)",SL.UEM.TOTL.NE.ZS,1.1,1.2,1.4,1.3,1.4,1.9,2,2,2.2,2.1,2,2.2,2.4,2.6,2.7,2.6,2.8,2.8,2.5,2.3,2.095,2.059,2.158,2.539,2.89,3.15,3.383,3.374,4.078,4.677,4.748,5.02,5.386,5.251,4.734,4.446,4.192,3.888,4.002,5.068,5.103,4.55,4.358,4.038,3.589,3.385,3.132,2.822,2.467,2.351,2.809,2.809,2.615,2.6,..
Japan,JPN,GDP growth (annual %),NY.GDP.MKTP.KD.ZG,0.399050644662367,4.6989920420522,8.41354725566508,8.03259997458163,-1.22523982783679,3.09157591647113,3.97498409081336,4.39033795035795,5.2719415031039,5.48404183215798,2.81759120759222,4.26062449361741,3.27974274279195,3.63019857277,4.41088015355157,5.15980790450274,3.29404761349421,4.64886139743521,6.66163652210332,4.92578541317788,4.84092905699353,3.52335723553459,0.900586066438109,-0.459219716250544,1.0833831743207,2.6309996164206,3.13387099272759,0.981228732290873,-1.27033049466078,-0.333929957687772,2.76464755136783,0.386103426142029,0.0419624992862282,1.53512549946694,2.18611569439318,1.80390087215821,1.3723501275831,1.48396941157472,-1.22428900061713,-5.69323635892741,4.09791791943181,0.0238095237995424,1.37475099905274,2.00510017681211,0.296205514141889,1.56062669680782,0.753826745789127,1.67533175173359,0.643391023533141,-0.402169200894946,-4.16876457146743,2.69657404187188,0.941998775483285,1.47503481053384,0.0836985643852159
Japan,JPN,GDP per capita (constant 2015 US$),NY.GDP.PCAP.KD,14114.3158179311,14456.8211953298,15455.1369428917,16463.2791725063,16046.7846823735,16333.6748183565,16801.9250305932,17370.6165468128,18120.7284269863,18953.3339136853,19334.3747441799,20011.8292508515,20525.2958514217,21122.9648423607,21912.1518618966,22898.9942415029,23527.7125188746,24503.0845657844,26026.8648821365,27199.9399695936,28422.2131194472,29308.2740881269,29462.6539671073,29232.4397928009,29466.7552451648,30171.1637924153,31046.1701544217,31276.1930771989,30795.0888900919,30636.2661169604,31430.631130325,31476.0520665746,31416.1241772309,31830.217584972,32515.1158024695,33098.5474664881,33531.518563066,33990.0360341367,33557.6454041595,31651.0837739562,32942.2020783835,33011.1342301291,33518.4449368599,34239.8862473488,34386.9058552671,34960.6393843385,35242.199377148,35861.9728545672,36138.5290824814,36043.7844013518,34642.9718743239,35741.1601062924,36238.3294895302,36952.5150709861,37144.9142660116
Japan,JPN,Population growth (annual %),SP.POP.GROW,1.15164047221803,2.19425350665006,1.40077918128147,1.40718874054303,1.32958201880625,1.27270755263251,1.07155981022304,0.968032726245575,0.910030976022608,0.846614502915837,0.788153475885542,0.728460836014089,0.693656149424745,0.695583303069267,0.648316736732903,0.625935963624604,0.532357366362317,0.482035496974784,0.416110342195181,0.399761164504292,0.33178288536374,0.392819832481862,0.371192387198527,0.32416759914373,0.279192363973672,0.234590173412918,0.226884732460898,0.238271217591483,0.271729610231193,0.182586374140107,0.167275578113187,0.240952587521069,0.232527187105684,0.213980948779682,0.0336622582725446,0.00939209655766336,0.0633735894181335,0.114908847726211,0.0484253945978966,-0.0124946312294096,0.0179605415195644,-0.185226486410846,-0.159710675844347,-0.144271883387076,-0.132694222147042,-0.106124993746747,-0.0511374152133631,-0.081874296046114,-0.126880068088791,-0.140464977878172,-0.294194617750067,-0.459952415807642,-0.443851919148528,-0.487370782049143,-0.435651699326323
Canada,CAN,"Inflation, consumer prices (annual %)",FP.CPI.TOTL.ZG,3.34603981363832,2.70491803278685,4.98802873104551,7.48764728240211,10.997171145686,10.672188595094,7.54173862982148,7.9764453961457,8.97372335151214,9.14467697907181,10.1292205085453,12.4716124148372,10.7689718997139,5.86358802977368,4.30477830391737,3.96203054065205,4.19478629085621,4.3561087122174,4.02823414871611,4.98362189985958,4.78047693336304,5.62586408593005,1.49013290374545,1.86507936507939,0.165562913907291,2.14876033057849,1.57053112507138,1.62121638084531,0.99594245665802,1.73484295105918,2.71943995691976,2.52512013979906,2.25839440940855,2.75856321360112,1.85725871857256,2.21355203439767,2.00202539534161,2.13838399266837,2.37027067444299,0.299466803009299,1.77687154092627,2.91213508872351,1.51567823124517,0.938291897815317,1.90663590717861,1.12524136094277,1.42875954701085,1.59688412852977,2.26822567248103,1.94926902411593,0.716999632307827,3.39519318527528,6.80280115341613,3.87900159788426,2.38158383281173
Canada,CAN,"Unemployment, total (% of total labor force) (national estimate)",SL.UEM.TOTL.NE.ZS,5.9,6.4,6.3,5.6,5.4,..,7.09,8.049,8.376,7.525,7.537,7.607,11.04,12.018,11.344,10.503,9.593,8.82,7.762,7.547,8.131,10.316,11.197,11.377,10.395,9.489,9.62,9.101,8.279,7.583,6.829,7.219,7.665,7.574,7.185,6.758,6.484,6.156,6.284,8.46,8.178,7.637,7.392,7.143,7.023,6.945,7.038,6.426,5.837,5.69,9.657,7.527,5.28,5.415,..
Canada,CAN,GDP growth (annual %),NY.GDP.MKTP.KD.ZG,2.91871307258708,4.01884508716894,5.51967005803644,6.72864134770903,3.35777600467976,1.5454033263216,5.88927586333716,3.53482660580218,3.73597638764802,3.72519949149593,2.17719921287991,3.41506518150013,-3.16615022065891,2.56225358775578,5.8985694010334,4.73768081475092,2.12148083355379,4.07201574110678,4.41083900341744,2.33732975738413,0.202947874139198,-2.0910550979319,0.890466180427183,2.65770691557481,4.49404929532982,2.68232822733793,1.68896122499937,4.28016683621337,3.89288654344983,5.14100353715349,5.1385391803606,1.87509810696022,2.99925535017809,1.80638512302554,3.09236384292251,3.21045439063563,2.63794375007348,2.04990463726786,0.995406301140747,-2.91508621550267,3.09080634469335,3.13719442170364,1.75566129145483,2.32581354806429,2.87346677785811,0.649971001734855,1.03855092490855,3.03383491200222,2.74296344906655,1.90843194590616,-5.03823343468899,5.95052802804381,4.18903628100851,1.52874550838358,1.5280811085284
Canada,CAN,GDP per capita (constant 2015 US$),NY.GDP.PCAP.KD,21428.9091307708,21642.5407846389,22573.5662893211,23799.695529436,24257.8168034862,24275.8127510644,25369.4634351839,25960.6392016614,26663.7706981097,27384.6779329775,27622.3734030629,28215.530855259,26999.079084851,27418.4916111044,28762.9722015849,29851.6432940057,30183.4087940958,31001.1298465676,31951.5504658265,32116.9233234971,31700.5462613508,30654.3331550624,30563.3788132238,31032.7546058282,32074.1562636226,32595.4515150443,32801.3018574024,33867.0079071879,34894.6134264056,36391.535343959,37906.8601321366,38200.456120621,38921.6673033743,39270.0234577749,40108.7587456658,41006.2229523971,41663.5123057295,42106.8724378248,42067.5687072607,40376.4153847836,41164.3399119626,42043.6419795513,42320.6431330726,42851.170527104,43643.2356440047,43594.1941045394,43551.3425975115,44339.3886689254,44907.3436912123,45100.2915069262,42366.1285377884,44639.193269037,45677.686578804,45048.2842408265,44401.7153908386
Canada,CAN,Population growth (annual %),SP.POP.GROW,1.39783160033129,2.94819452761436,1.16084656651465,1.22261658426849,1.39602166927373,1.45942491323998,1.31580656558804,1.17025687783266,0.99545694441135,0.989698733234704,1.28959497847156,1.23339725480528,1.18962434077573,0.988487567147771,0.944034716041094,0.91377427539001,0.994040150630969,1.31816778174498,1.29662488995999,1.79419351491939,1.50766067284807,1.24276123131684,1.18367554138942,1.09893087887878,1.09525810706129,1.03476948386834,1.04531178311831,0.993788591465188,0.829909353323744,0.812842623716166,0.931281553452429,1.0861994547665,1.08479328329522,0.899226809998674,0.932186964148048,0.94708626967041,1.01355939144957,0.970654173316653,1.083871149194,1.14470768476526,1.11135202971694,0.97540725097113,1.08374652233653,1.05338098055318,1.00142284689661,0.760300145238936,1.13153974027004,1.19543575451553,1.43322615679352,1.46171259938134,1.08436897113225,0.553902422386893,1.80390457488184,2.90468017061162,2.96220294420494
Australia,AUS,"Inflation, consumer prices (annual %)",FP.CPI.TOTL.ZG,3.43915343915341,6.13810741687984,6.02409638554213,9.09090909090915,15.4166666666666,15.1624548736462,13.3228840125392,12.3098201936376,8.0049261083744,9.12200684150515,10.1358411703239,9.48766603415561,11.3518197573657,10.0389105058366,3.96039603960396,6.734693877551,9.05035054174634,8.53302162478083,7.21593968766828,7.53390256152688,7.33302195235872,3.17667536988685,1.01223112610714,1.75365344467641,1.96963479688141,4.62776659959759,2.61538461538461,0.224887556221887,0.860134629768142,1.48312940304041,4.45743514797224,4.40713536201469,2.98157453936348,2.73259596616786,2.34325522482583,2.69183168316832,3.55528773727026,2.32761128891476,4.35029854990048,1.77111716621254,2.91834002677376,3.3038501560874,1.76278015613196,2.4498886414254,2.48792270531404,1.50836672165921,1.27699094497324,1.94864740944527,1.91140094445691,1.61076787290379,0.846905537459305,2.86391042204994,6.59409671341846,5.5970149253731,3.1616142830575
Australia,AUS,"Unemployment, total (% of total labor force) (national estimate)",SL.UEM.TOTL.NE.ZS,..,..,..,..,..,..,..,..,..,6.265,6.105,5.784,7.163,9.961,8.987,8.258,8.081,8.106,7.226,6.175,6.926,9.586,10.733,10.879,9.724,8.473,8.509,8.367,7.684,6.876,6.288,6.747,6.375,5.933,5.399,5.036,4.785,4.381,4.242,5.565,5.214,5.083,5.225,5.663,6.078,6.055,5.711,5.592,5.345,5.143,6.394,5.023,3.728,3.668,..
Australia,AUS,GDP growth (annual %),NY.GDP.MKTP.KD.ZG,7.17569474653776,4.0005792969926,3.9104527931282,2.6195976089295,4.10711278665762,1.3357695075495,2.5884380278226,3.59512457668694,0.893490698041518,4.0504187128889,3.03565589087171,3.33996423845188,3.32538571540215,-2.22435122536369,4.59374363846101,5.27845501291684,3.96632897039611,2.55962217359244,5.75781883918933,3.87335950546905,3.57741096455418,-0.382260201054848,0.428289544126571,4.04672816534581,3.98038838722397,3.88592623460093,3.86388891398424,3.91324731942255,4.66321460379962,5.02768409342292,3.9215029305806,2.02510553454593,3.97958568067362,3.09076190489348,4.22428481359962,3.15416753184221,2.75534610557227,3.77332171303566,3.58626695226046,1.89255581922549,2.21998026536549,2.40708018291988,3.91670942454073,2.60219339436559,2.59528411594042,2.19016928695221,2.7593859723839,2.27959179820343,2.87846971467883,2.17154505737176,-0.119590735829973,2.11116814768786,4.24238555336139,3.44199220009025,1.4311125201703
Australia,AUS,GDP per capita (constant 2015 US$),NY.GDP.PCAP.KD,26829.7630995603,26975.665521972,27520.0005055853,27812.4455074509,28231.0239084901,28258.0654813537,28700.2946314702,29399.0024788699,29318.7463550853,30178.3894488631,30717.7780327511,31251.8203349363,31736.0447520616,30608.3684024318,31632.3892749783,32861.4162378766,33674.1705521479,34014.7354121968,35389.4553320904,36143.1477787181,36886.1444273767,36279.7540525751,36029.4845675544,37155.5123959647,38264.146671105,39310.7982327944,40337.1060519133,41464.4982180697,42967.6616681962,44636.9418129494,45859.5162097045,46191.3142366289,47486.2783216389,48394.1269478095,49902.0187022536,50853.1976727529,51553.9685966991,52531.7611201084,53336.1012157008,53237.0077642312,53578.8125049759,54111.357240336,55257.5739287362,55728.0174035719,56327.8533063277,56739.0265346593,57401.0662268939,57750.6482221688,58530.7821697117,58924.733646242,58132.798523626,59276.503107197,61009.8077147403,61598.1776089916,61211.8967637303
Australia,AUS,Population growth (annual %),SP.POP.GROW,1.97018887868806,3.38029353689954,1.83814626273502,1.52881691369673,2.53122025874137,1.23118588792285,1.0026582602274,1.1266726798225,1.16288525870675,1.08064227016539,1.21894271014757,1.56179416103558,1.73374392907748,1.36850145877848,1.20054276571915,1.33209683462492,1.44650206312761,1.52113890433154,1.63614876307642,1.69287969389346,1.48004693689661,1.2746217855676,1.11959770147047,0.889539825558206,0.963092494678111,1.11373422085118,1.21385498322201,1.0820399195962,0.996734717801419,1.09397580294231,1.14447285147721,1.28396809127349,1.1375387361946,1.15019273319182,1.06919812205752,1.21729073052406,1.34945083098893,1.82499679529254,2.00391140524272,2.06083316277243,1.55570626204128,1.38952731561803,1.74582000067359,1.721151439989,1.49156648912847,1.43921665259925,1.56194049810399,1.64682779735017,1.49599671041328,1.47749071058438,1.23342825131378,0.14089508329287,1.27269881377618,2.42431553908742,2.05004113352233
"Korea, Rep.",KOR,"Inflation, consumer prices (annual %)",FP.CPI.TOTL.ZG,15.9503423646945,13.5117023313079,11.6889866806845,3.22102904692326,24.3041995402397,25.2492564056733,15.3273205213194,10.0966653313387,14.4602850195024,18.3234963421791,28.6976086362017,21.351640254,7.1908466400687,3.42061419498921,2.27395640001863,2.45910879215274,2.74998096063357,3.04966077087423,7.14609773721605,5.70016544561401,8.57327225728677,9.33279048161495,6.21328146355184,4.80099660215354,6.26585950039679,4.48074108557248,4.92454354292754,4.4389318457463,7.51358008079307,0.81295725444637,2.25916580080157,4.06657587897792,2.76226210296599,3.51487451459939,3.59066298882578,2.75379162735039,2.24234028518921,2.53457382137932,4.67389655533408,2.7564965449393,2.93928652655686,4.0259650043609,2.18707104433314,1.30134754547413,1.27477446401322,0.70633177245575,0.971685739912168,1.94433230786366,1.47583935002645,0.383000303608136,0.537288023411737,2.49833333333339,5.08951365062842,3.5974562502901,2.32174328643542
"Korea, Rep.",KOR,"Unemployment, total (% of total labor force) (national estimate)",SL.UEM.TOTL.NE.ZS,4.51,4.57,4.59,4.04,4.15,4.18,3.808,3.806,3.167,3.812,5.196,4.507,4.363,4.068,3.801,3.983,3.81,3.088,2.519,2.569,2.454,2.407,2.513,2.878,2.476,2.063,2.048,2.608,6.963,6.342,4.063,3.699,3.046,3.348,3.42,3.482,3.254,3.013,2.959,3.363,3.324,2.992,2.812,2.747,3.082,3.546,3.65,3.653,3.824,3.746,3.931,3.639,2.857,2.675,..
"Korea, Rep.",KOR,GDP growth (annual %),NY.GDP.MKTP.KD.ZG,10.0527348072623,10.5455135521971,7.21436072179991,14.8983226573489,9.51183543440047,7.8399333381073,13.2214478025627,12.3359821950185,10.9529856954848,8.67122670709715,-1.64568764044438,7.24617628510612,8.33807808691536,13.3761744903693,10.5516403549853,7.83886402174087,11.3272611963066,12.7236921193269,11.9877155593824,7.07289360531416,9.8775525016936,10.7780561268967,6.19864279836374,6.87747412868558,9.26866633778376,9.61456539319965,7.89070332600667,6.17055242658977,-5.12944816520964,11.4669424267425,9.06083332508534,4.85239957151281,7.72514267547173,3.14729119373409,5.19739136324382,4.30854271411236,5.26432659466724,5.79954841503216,3.01298487281167,0.792698989518186,6.80482491783671,3.68566778212526,2.40253099246186,3.16470863647184,3.2024537945736,2.80910326824133,2.94688171508626,3.15963574012777,2.90740377377135,2.24397786011012,-0.709415359397681,4.30473481906969,2.61267219187226,1.35673324311098,..
"Korea, Rep.",KOR,GDP per capita (constant 2015 US$),NY.GDP.PCAP.KD,1977.42941286358,2143.28913020771,2255.20673616978,2545.77754274699,2740.58529939811,2906.15049933566,3238.2698721178,3581.46823922047,3913.83317387391,4189.18148771045,4056.5260070304,4283.11960147149,4569.08717491563,5104.44809742942,5573.84271916316,5951.87908924407,6560.47967201762,7322.71986885993,8120.63968724428,8609.42611390093,9367.09258686755,10274.4827454694,10798.561680692,11424.5851330612,12358.5180229628,13411.1119170158,14332.1367231987,15074.4883429924,14198.386270755,15714.4119484746,16995.5591864626,17684.0503773277,18940.3842233935,19435.4934104303,20364.7599656771,21197.1990880347,22196.2077459266,23365.1402064812,23887.0595538423,23952.8132191069,25455.6174843658,26191.6442615421,26680.2754448705,27399.6159477521,28100.0102759544,28737.4391706499,29467.124342556,30312.8888500809,31059.2668087927,31645.9498343307,31378.1579340648,32771.0724243229,33690.3788793046,34121.0211756766,..
"Korea, Rep.",KOR,Population growth (annual %),SP.POP.GROW,2.18417394689467,1.97132365752048,1.87599936966995,1.7682927120788,1.712705419969,1.68200005474822,1.59655859407233,1.55903938603208,1.5191967189167,1.51687486775835,1.55846267819582,1.56020399239876,1.54546853308404,1.47421882108841,1.23401831140412,0.984565597108821,0.99472386803381,0.985133112424576,0.979189224150187,0.989093268458301,0.985130494218767,0.989785981821526,1.03916135557339,1.01582143742509,1.00615724501748,1.00620085457685,0.952779421852704,0.937713808920155,0.72186501759031,0.710794593061376,0.836180864297766,0.767241774760276,0.577957276814842,0.518321452985646,0.396331436697806,0.211997784117548,0.525199940498775,0.505234032920336,0.759316681850927,0.514682827535803,0.49822508440111,0.768971758582589,0.525713660600414,0.455218622164662,0.628149861433639,0.527288497407793,0.396851823381145,0.280968018301691,0.433519027613049,0.347874968577526,0.137869266247028,-0.128757315474928,-0.187486566698935,0.077477253324535,0.0743178674548815
Denmark,DNK,"Inflation, consumer prices (annual %)",FP.CPI.TOTL.ZG,6.51484141652981,5.8698695907191,6.56236090256536,9.30338297973673,15.2752062218395,9.60561207538676,9.01029083562224,10.9222378100329,10.2136545710405,9.61105037907122,12.3053240760182,11.7673874344181,10.1208256779823,6.90822881158842,6.29077936023771,4.6787514518325,3.67818411863452,4.01999345683163,4.5351330101572,4.77272342435522,2.64160306382,2.39515331724415,2.09604442933217,1.25785667953259,1.99201463809526,2.08360842382846,2.12629802275584,2.18216677907116,1.84565122007889,2.4977954440453,2.90328203236453,2.33787000255262,2.42443661219697,2.07507820646507,1.15435693124932,1.81781458291254,1.92422138464594,1.69326586220315,3.41626794258373,1.30470991024337,2.31092436974789,2.7586822605125,2.3979148566464,0.789071780078062,0.56402054044954,0.452034153691575,0.250000000000031,1.14713216957602,0.813609467455631,0.75813157251162,0.420711974110115,1.8530454398968,7.6965669988926,3.30517811237606,1.37220049768918
Denmark,DNK,"Unemployment, total (% of total labor force) (national estimate)",SL.UEM.TOTL.NE.ZS,..,..,..,0.9,2.1,5.1,5.3,6.4,7.3,6.1,7,9.2,10,9.745,8.868,7.797,6.033,6.091,6.486,8.149,8.338,9.099,9.027,10.719,8.036,6.992,6.844,5.4,5.039,5.142,4.476,4.164,4.274,5.398,5.204,4.83,3.897,3.801,3.683,6.409,7.747,7.769,7.798,7.384,6.925,6.278,5.989,5.833,5.131,5.018,5.637,5.043,4.434,5.094,..
Denmark,DNK,GDP growth (annual %),NY.GDP.MKTP.KD.ZG,1.85600172758038,3.17782168196071,3.79759816845579,4.71949291132046,-0.964267384329801,-1.40989953291778,5.99340195153275,1.98543025474245,2.41699354282181,4.05329979126334,-0.751430002361559,-0.740986389012875,3.89211245643591,2.65480394401855,4.33934505132922,4.15308383294486,4.73340611933794,0.462955829960563,0.272951118976223,0.697173210370437,1.66026774169177,1.45818005306188,2.0228112415746,-0.078900412805325,5.29469615156448,3.03802150461165,2.89575069230459,3.16848143784479,2.32630274538961,2.96730536257029,3.72400899471576,0.95003224600012,0.456530018779986,0.441091006625101,2.77635180744053,2.35960882992528,3.81648769908172,0.987173815945127,-0.417178439991005,-4.97447905669058,1.58289703108802,1.3108037609606,-0.00543230161670749,1.39267343161971,1.27799983192831,2.10441456445301,3.07304549209093,3.05647723922718,1.8600074900921,1.71140093932736,-1.78010601831291,7.38206633449863,1.54017307357893,2.49518434516773,3.67619734971929
Denmark,DNK,GDP per capita (constant 2015 US$),NY.GDP.PCAP.KD,26356.1270235795,27005.3650723112,27871.0435404766,29010.5191457583,28597.3223069695,28112.9709503213,29723.0911052326,30218.9600410319,30853.3720106472,32025.1913498041,31745.9167880971,31519.6358133961,32770.4867216483,33663.5864707769,35142.7674562678,36587.4452915,38268.0683940959,38396.5670749076,38482.6663594586,38727.7183764143,39306.7939232431,39776.5961774467,40447.2328284958,40280.8935863909,42270.6520867615,43328.5293418439,44331.6199637443,45546.5896151864,46437.1921069175,47657.1731901716,49266.9882757886,49557.1509962227,49624.5965359582,49708.0909084109,50956.3045398814,52015.1841169021,53823.1590295482,54113.9771471341,53572.5346568185,50635.9118061988,51209.4492757775,51667.5313210425,51470.689845427,51970.3909324806,52368.3625969272,53094.0133607574,54300.2039621991,55601.0145717787,56355.0733084714,57114.6227336347,55934.5555945523,59803.9202218941,60248.671222365,61295.9818625045,63229.9479713724
Denmark,DNK,Population growth (annual %),SP.POP.GROW,0.751422718375473,0.694895770618858,0.571991415170235,0.604488383151481,0.465594010478141,0.28826879589183,0.251350791765536,0.311445515827576,0.310596092763269,0.245630488836795,0.121603620045595,-0.0284052115613932,-0.0734810004992979,-0.0686662119157628,-0.0523767271552282,0.0405268892260381,0.133727781435023,0.126664340279044,0.0485933862498549,0.0599876651546732,0.162456320242469,0.259518212115074,0.330671401713551,0.333166395661953,0.337707376243322,0.520962181078711,0.565926341934592,0.415564969331455,0.363162523600756,0.330886246186545,0.334233618829261,0.358315678955486,0.319487125340996,0.272010444031566,0.258432282052875,0.275481733409308,0.328645158919929,0.443466054321374,0.587547590258978,0.535079062079429,0.444197154509531,0.411737855195019,0.376272242619955,0.416901360752097,0.507053283010163,0.706423849687002,0.780392644135167,0.643350903737356,0.495838925879129,0.358130915892652,0.291641177476633,0.433414489409722,0.787502464739957,0.741185515720057,0.503861198167737
Germany,DEU,"Inflation, consumer prices (annual %)",FP.CPI.TOTL.ZG,3.45024936360895,5.24097448273094,5.4849331221432,7.03202399303898,6.98643109327497,5.91033626324104,4.24663102299209,3.73416240635147,2.71869696123339,4.04362006473399,5.44105754460347,6.34424277746325,5.24104507228422,3.29341474302854,2.4057933993196,2.0662330121658,-0.129413360854742,0.24990610870503,1.27411894006923,2.78056955569751,2.69646824292392,4.04703259753466,5.05697796731731,4.47457650752808,2.69305639854954,1.70616041317076,1.44972701963239,1.93937198922729,0.911183535014403,0.585433064230783,1.44026838719741,1.98385731334471,1.42080615551526,1.03422218628562,1.66573696655992,1.54691114751328,1.57742642840563,2.29834400700951,2.62837981637219,0.312739007368447,1.1038103778926,2.07517283735874,2.00848884782956,1.50472330251876,0.906794000434246,0.514426137125456,0.491747008445174,1.50949485109628,1.73216879766942,1.44565976888253,0.144877925813982,3.06666666666673,6.87257438551097,5.94643667725823,2.2564981433876
Germany,DEU,"Unemployment, total (% of total labor force) (national estimate)",SL.UEM.TOTL.NE.ZS,..,..,..,..,..,..,..,..,..,..,..,..,..,6.449,6.673,6.875,6.608,6.813,6.319,5.705,4.89,5.316,6.323,7.675,8.727,8.158,8.822,9.861,9.787,8.854,7.917,7.773,8.482,9.779,10.727,11.193,10.277,8.732,7.508,7.88,7.043,5.967,5.372,5.316,4.98,4.612,4.104,3.781,3.384,3.163,3.881,3.594,3.12,3.068,..
Germany,DEU,GDP growth (annual %),NY.GDP.MKTP.KD.ZG,5.10314454468504,3.13269979897395,4.30034130133481,4.77748688792387,0.890068708892883,-0.866738910077046,4.94925841964529,3.34721807378358,3.00849288090146,4.15036330963736,1.40882865694267,0.529240572519726,-0.394840785357886,1.57241014877407,2.82294785741442,2.32793518918379,2.28733927623549,1.40215160945998,3.70723564999483,3.89655171515797,5.25500609657068,5.10826150662902,2.01418423268822,-0.973303672314501,2.59758495227749,1.50540577767291,1.03815582464068,1.8548172630131,2.0961614012438,2.13011669389533,2.87724595591061,1.63654099437316,-0.228310223930706,-0.529929010433477,1.16236825444811,0.885697256705441,3.85573614635729,2.89010717888073,0.910403214153277,-5.54516454479311,4.14676755040489,3.75796884487347,0.47429132103845,0.386224592046474,2.16949889758517,1.65271978656361,2.29471066413561,2.71602454639843,1.11644310902427,0.987893350164853,-4.09513751682526,3.6699998840452,1.36973104612758,-0.266438401180253,-0.238526858256165
Germany,DEU,GDP per capita (constant 2015 US$),NY.GDP.PCAP.KD,18053.2877696478,18584.7134179179,19291.3926821626,20149.4771457641,20320.900896451,20220.0209844016,21311.9450152475,22075.2189133832,22759.1492956686,23693.2601863037,23977.2698576818,24067.4825489522,23995.2661838189,24436.5473264161,25213.38204825,25858.0588621429,26437.4177349407,26766.9600591944,27651.0362699101,28507.1621309974,29747.6909354385,31040.2935634693,31425.6476019368,30915.8728850114,31609.1102824496,31990.7949834569,32229.4778712612,32779.2802466297,33461.3192177074,34152.0032259735,35087.0891588694,35601.3628316391,35460.4121391449,35252.9745130135,35670.4870225493,36006.8578127742,37437.3918784909,38570.9146369495,38996.1434106777,36927.1920288238,38517.4397880176,40712.6577301892,40829.0348938423,40875.0262868442,41588.0763814971,41911.0109851054,42528.0637054999,43520.1864273682,43874.0130996238,44207.6320584483,42362.6472083477,43898.7713207389,44180.4298386858,44008.131158562,44108.7012570242
Germany,DEU,Population growth (annual %),SP.POP.GROW,0.332661392813347,0.183475313574861,0.478481045657976,0.314942451198579,0.0389692231983959,-0.372846359360899,-0.428766874960255,-0.226376662518719,-0.0870314153537852,0.0442074062989572,0.207430406185115,0.152308489359723,-0.0951134365477742,-0.262152572305171,-0.345666402296961,-0.223489901582361,0.0457680639736539,0.15361757528619,0.390678960242038,0.773336990610757,0.861969448764933,0.728605546561364,0.760346946721127,0.657391218087626,0.346856648630233,0.293904443716697,0.289474899455448,0.146313281561803,0.0151436508552808,0.0646345779052372,0.135431600393084,0.168225361337335,0.168128319406931,0.0553633035873241,-0.021709727650009,-0.0567782618352031,-0.112797497644931,-0.133718572600486,-0.190142844695674,-0.253383410163402,-0.153198446937304,-1.8537146287573,0.187727800567293,0.272900214681538,0.416877359168292,0.865702643950251,0.807218538573871,0.373724559895838,0.300526701992065,0.22551987421288,0.0816931586494595,0.0423270572552137,0.720875455989295,0.123957150064395,-0.467077236996451
France,FRA,"Inflation, consumer prices (annual %)",FP.CPI.TOTL.ZG,5.29964124562675,5.39751865595105,6.06300309718187,7.38060106398912,13.6493174728139,11.6859272493228,9.62549578155529,9.49455467190434,9.2505584672443,10.6467341716664,13.5625788483016,13.3144055680071,11.9784719523806,9.45954847235318,7.67380262247321,5.83109973854516,2.53852591781417,3.28889821400133,2.70081527508113,3.49830220700749,3.19428338029475,3.21340732409687,2.36376046269353,2.10446277124644,1.65551532926993,1.79648142095595,1.98288365089738,1.20394294026962,0.651126867833049,0.537141639134645,1.67595988720927,1.63478079549601,1.9234122872706,2.09847219146923,2.14208964640241,1.74586936380482,1.67512449608723,1.4879980595386,2.81286194914787,0.0876204781574552,1.53112270420926,2.11159795174994,1.9541953161351,0.863715497861805,0.50775882293799,0.0375143805125182,0.18333486112386,1.03228275064662,1.85081508315502,1.10825492288294,0.476498852725066,1.64233141038385,5.22236748369735,4.87835726508441,1.99904942291463
France,FRA,"Unemployment, total (% of total labor force) (national estimate)",SL.UEM.TOTL.NE.ZS,2.42,2.67,2.77,2.69,2.86,4.08,4.47,5.01,5.27,6.03,6.42,7.54,8.2,7.918,9.533,10.259,10.23,10.735,10.18,9.618,9.36,9.134,10.203,11.321,12.593,11.834,12.367,12.566,12.074,11.981,10.218,8.61,8.702,8.307,8.914,8.882,8.833,8.009,7.386,9.122,9.279,9.228,9.841,9.913,10.273,10.354,10.057,9.41,9.018,8.415,8.01,7.871,7.303,7.335,..
France,FRA,GDP growth (annual %),NY.GDP.MKTP.KD.ZG,6.20032856455546,5.33059874393665,4.53737440596311,6.60998461174604,4.69079683217863,-1.12434934252717,4.3859426596524,3.5726543667741,3.89498063335051,3.69531078677157,1.67641337198611,1.18831474293866,2.44251268690125,1.26205761797051,1.60947146551595,1.56907436604108,2.38953554470334,2.55274621143047,4.81422400170246,4.40516927190527,2.82962715326478,1.23666248297356,1.5160611169627,-0.35899781051468,2.38366086110145,2.30479278392259,1.39707987198881,2.5270616339357,3.45259434279616,3.39930808809441,4.14099996402915,1.89946701186636,1.06775027069419,0.967827182558352,2.86825052501032,1.88856584109286,2.71406448755236,2.53048188351066,0.380171435849121,-2.82455153714783,2.00032476039051,2.43757653729007,0.183835264973013,0.781756446231,0.997832947295251,1.06675474783462,0.860031075424033,2.08361485997399,1.64590872395887,2.02744646419237,-7.44064589948231,6.88233783360239,2.57084047567793,0.936487518850853,1.16613851497229
France,FRA,GDP per capita (constant 2015 US$),NY.GDP.PCAP.KD,17024.1166966733,17763.4267121853,18407.1540107699,19465.8926495506,20244.6170738093,19922.0019480375,20707.7547183879,21347.5558418814,22078.7228161384,22792.2359498683,23050.9255953042,23186.7612665684,23666.5121788084,23836.4018927227,24102.0176176027,24358.1382748825,24813.0302579158,25308.620924146,26374.1221811161,27372.0534763161,27992.9751471374,28197.2359540607,28482.5194675509,28257.0962487817,28822.5006495069,29379.6158424052,29683.7786067651,30325.522871824,31256.5073830655,32152.7207478734,33255.1379642335,33640.6738002565,33753.5782979758,33840.6175720101,34557.1471111581,34946.0372494703,35645.4162427116,36322.1685141004,36257.3658930938,35052.8510772683,35578.1968010183,36269.9561530888,36161.2918253465,36256.086680981,36444.3949089146,36702.4323733379,36920.5342846914,37580.5979329356,38062.4435961412,38705.2072940618,35709.2045925926,38030.8571685178,38881.2230613595,39117.4845032233,39441.2610467049
France,FRA,Population growth (annual %),SP.POP.GROW,0.910071021991229,0.942308081213309,0.877674176847892,0.808254039339957,0.661593218642967,0.475700887805125,0.424132385282009,0.467415655328551,0.453327774115543,0.448113600779868,0.533919142662461,0.593754110995282,0.365202345952973,0.538875770120835,0.488491581974165,0.499845780185524,0.511141505762455,0.543092054847426,0.578107856832589,0.596976456799538,0.547228307056949,0.502041652701803,0.498024782624795,0.43494888453875,0.374521801846337,0.364159563395629,0.357448008376034,0.356761847855923,0.37054023067343,0.515860143523548,0.686335719566776,0.7289939490983,0.727033002641047,0.705638836747311,0.732625502527391,0.751885116821619,0.696338574828463,0.618225682593305,0.558020613148126,0.513351013325229,0.492976371032656,0.482667411007127,0.483714919435185,0.516915013016667,0.474847846171767,0.355569240058298,0.263868788565368,0.29020211635109,0.358494581816163,0.332559129027963,0.324557781035362,0.356902332389048,0.326992498564887,0.326319200823468,0.335095323008513
,,,,,,,,,,,,,,,,,,,,,,,,,,,,,,,,,,,,,,,,,,,,,,,,,,,,,,,,,,
,,,,,,,,,,,,,,,,,,,,,,,,,,,,,,,,,,,,,,,,,,,,,,,,,,,,,,,,,,
,,,,,,,,,,,,,,,,,,,,,,,,,,,,,,,,,,,,,,,,,,,,,,,,,,,,,,,,,,
Data from database: World Development Indicators,,,,,,,,,,,,,,,,,,,,,,,,,,,,,,,,,,,,,,,,,,,,,,,,,,,,,,,,,,
Last Updated: 07/01/2025,,,,,,,,,,,,,,,,,,,,,,,,,,,,,,,,,,,,,,,,,,,,,,,,,,,,,,,,,,
